username,user id,access hash,group,group id,status
Zoh1dov_o1,1740888718,5042604576443518756,PythonðŸ‡ºðŸ‡¿ offtopic group,1131457202,2024-05-04 10:05:09+00:00
Zokirov_Muhammadqodir,939006975,-785706464941549402,PythonðŸ‡ºðŸ‡¿ offtopic group,1131457202,2024-05-04 10:03:23+00:00
HexaGonical,6109303530,-1893806648919575003,PythonðŸ‡ºðŸ‡¿ offtopic group,1131457202,2024-05-04 11:26:50+00:00
Oripov,5479102740,1560060239865898653,PythonðŸ‡ºðŸ‡¿ offtopic group,1131457202,UserStatusRecently
vermino,1344497552,-3357718448517608536,PythonðŸ‡ºðŸ‡¿ offtopic group,1131457202,UserStatusRecently
Sukhrobiddin,1378702746,5978686053594271396,PythonðŸ‡ºðŸ‡¿ offtopic group,1131457202,UserStatusRecently
coder_abdurahmon,6295259306,-3931785927948562082,PythonðŸ‡ºðŸ‡¿ offtopic group,1131457202,UserStatusRecently
coder_uz,195448442,2366722855921529576,PythonðŸ‡ºðŸ‡¿ offtopic group,1131457202,UserStatusRecently
Akaikumogo,6126562494,8579391196877806212,PythonðŸ‡ºðŸ‡¿ offtopic group,1131457202,UserStatusRecently
hvsniddin,1123017986,7292360120761796295,PythonðŸ‡ºðŸ‡¿ offtopic group,1131457202,UserStatusRecently
No_comprehend,5024737622,6223570451787026349,PythonðŸ‡ºðŸ‡¿ offtopic group,1131457202,UserStatusRecently
hi2two,7105878270,-2731605737635896318,PythonðŸ‡ºðŸ‡¿ offtopic group,1131457202,UserStatusRecently
CruistCoder,6011359652,-5667884713901381876,PythonðŸ‡ºðŸ‡¿ offtopic group,1131457202,UserStatusRecently
,5895060881,5128396149403509761,PythonðŸ‡ºðŸ‡¿ offtopic group,1131457202,UserStatusRecently
Azizbek_Xudoyberdiev,1251376062,5645358927062995538,PythonðŸ‡ºðŸ‡¿ offtopic group,1131457202,UserStatusRecently
King_0958,1085806656,2311355379031178398,PythonðŸ‡ºðŸ‡¿ offtopic group,1131457202,UserStatusRecently
dalikuziev,6511799910,-5304690027609263607,PythonðŸ‡ºðŸ‡¿ offtopic group,1131457202,UserStatusRecently
j_addmin,6645392131,-7055139030483554370,PythonðŸ‡ºðŸ‡¿ offtopic group,1131457202,2024-05-04 11:27:02+00:00
SarvarSangilov,1483390408,-2381184619365207360,PythonðŸ‡ºðŸ‡¿ offtopic group,1131457202,UserStatusRecently
uzbc0der,6036909801,5692083689799964109,PythonðŸ‡ºðŸ‡¿ offtopic group,1131457202,2024-05-04 11:25:39+00:00
Boburboss,1581890707,3388152209447728366,PythonðŸ‡ºðŸ‡¿ offtopic group,1131457202,UserStatusRecently
Boy_87_04,801233456,-1608905984298381533,PythonðŸ‡ºðŸ‡¿ offtopic group,1131457202,2024-05-04 11:08:54+00:00
Target_Dilshod,715499530,3242008794215503494,PythonðŸ‡ºðŸ‡¿ offtopic group,1131457202,UserStatusRecently
onetimepass2,7137364592,995686495371227741,PythonðŸ‡ºðŸ‡¿ offtopic group,1131457202,UserStatusRecently
SaydulloBro,6234108181,5048439051607166946,PythonðŸ‡ºðŸ‡¿ offtopic group,1131457202,UserStatusRecently
Xusanboy_Shavkatov,1184267383,4264185964278661756,PythonðŸ‡ºðŸ‡¿ offtopic group,1131457202,UserStatusOnline
aerkinov1,5069155115,2441162339609024533,PythonðŸ‡ºðŸ‡¿ offtopic group,1131457202,UserStatusRecently
Foffnow,1348219246,-2000762498495893602,PythonðŸ‡ºðŸ‡¿ offtopic group,1131457202,UserStatusRecently
redspider5,1660155052,-1618906318645111517,PythonðŸ‡ºðŸ‡¿ offtopic group,1131457202,UserStatusRecently
AmonBro,5424311361,7005557811824640917,PythonðŸ‡ºðŸ‡¿ offtopic group,1131457202,UserStatusRecently
jasur_tojiboyev,105962159,733082260936324357,PythonðŸ‡ºðŸ‡¿ offtopic group,1131457202,UserStatusRecently
husenkomilov,2131715946,329031367521110694,PythonðŸ‡ºðŸ‡¿ offtopic group,1131457202,2024-05-04 10:06:18+00:00
Abdulloh_ID,493185364,6754281527866427808,PythonðŸ‡ºðŸ‡¿ offtopic group,1131457202,UserStatusRecently
pip_install_django,2029474561,-6016142169755006106,PythonðŸ‡ºðŸ‡¿ offtopic group,1131457202,2024-05-04 11:19:01+00:00
FutureDreams,191407555,-3668782897040614400,PythonðŸ‡ºðŸ‡¿ offtopic group,1131457202,UserStatusRecently
Sardor_Mirzayev1,129748761,-2058616426465469728,PythonðŸ‡ºðŸ‡¿ offtopic group,1131457202,UserStatusRecently
isoqovrozimurod,588979280,6492654469991889297,PythonðŸ‡ºðŸ‡¿ offtopic group,1131457202,UserStatusRecently
,5513560727,5874700059158983597,PythonðŸ‡ºðŸ‡¿ offtopic group,1131457202,2024-05-04 06:31:02+00:00
Xudoyqulov_Azimjon,860972083,7879842178612785634,PythonðŸ‡ºðŸ‡¿ offtopic group,1131457202,2024-05-04 10:55:29+00:00
,1988390145,2819116966946498752,PythonðŸ‡ºðŸ‡¿ offtopic group,1131457202,UserStatusRecently
Jm7uz,1377464547,-5304358075090808470,PythonðŸ‡ºðŸ‡¿ offtopic group,1131457202,UserStatusRecently
,6363935004,-1595062164011323726,PythonðŸ‡ºðŸ‡¿ offtopic group,1131457202,UserStatusRecently
,6003794677,4916382048547940616,PythonðŸ‡ºðŸ‡¿ offtopic group,1131457202,2024-05-04 10:40:46+00:00
,6953977821,-3844027419560476401,PythonðŸ‡ºðŸ‡¿ offtopic group,1131457202,NoneType
,5750745231,-627110031309576379,PythonðŸ‡ºðŸ‡¿ offtopic group,1131457202,UserStatusRecently
SSS1313SSS,1864080124,-8089441152881387569,PythonðŸ‡ºðŸ‡¿ offtopic group,1131457202,2024-05-04 11:26:19+00:00
,420831885,2004598476404283154,PythonðŸ‡ºðŸ‡¿ offtopic group,1131457202,UserStatusRecently
Karimboyev_06,5649071411,-1053879225901625758,PythonðŸ‡ºðŸ‡¿ offtopic group,1131457202,2024-05-04 09:11:36+00:00
shohruh_ilhomivich,5431992129,4550030045928616184,PythonðŸ‡ºðŸ‡¿ offtopic group,1131457202,UserStatusRecently
TheMuhammadNur,1974800905,-8624807567410469213,PythonðŸ‡ºðŸ‡¿ offtopic group,1131457202,UserStatusRecently
shakhzodbekshk,5871318892,-8946073920078678962,PythonðŸ‡ºðŸ‡¿ offtopic group,1131457202,UserStatusRecently
ID1003,655955833,8618998020788384794,PythonðŸ‡ºðŸ‡¿ offtopic group,1131457202,2024-05-04 10:27:05+00:00
MrGayratov,6083199406,-992243876528144395,PythonðŸ‡ºðŸ‡¿ offtopic group,1131457202,2024-05-01 18:46:52+00:00
Faxriddin2003_23_03,5605885798,-3289058281673053874,PythonðŸ‡ºðŸ‡¿ offtopic group,1131457202,UserStatusRecently
insofliman,621617473,-2797429931351503902,PythonðŸ‡ºðŸ‡¿ offtopic group,1131457202,2024-05-04 11:23:35+00:00
TheresnoKNOWLEDGEthatISnotPOWER,367942421,5639284748354476887,PythonðŸ‡ºðŸ‡¿ offtopic group,1131457202,UserStatusRecently
her_zaman_umut_var,6409653195,-5262033680112450806,PythonðŸ‡ºðŸ‡¿ offtopic group,1131457202,UserStatusRecently
SitoraRashidova,867229828,4855576573881884653,PythonðŸ‡ºðŸ‡¿ offtopic group,1131457202,UserStatusRecently
,467568642,-9175135710207109121,PythonðŸ‡ºðŸ‡¿ offtopic group,1131457202,UserStatusRecently
ja_khan_gir,483578239,-6490763669450778164,PythonðŸ‡ºðŸ‡¿ offtopic group,1131457202,UserStatusRecently
the_verified_one,300795912,-2924437343167647927,PythonðŸ‡ºðŸ‡¿ offtopic group,1131457202,UserStatusRecently
,6384822323,-7396404718580380840,PythonðŸ‡ºðŸ‡¿ offtopic group,1131457202,UserStatusRecently
,6394658290,-5281130189955501363,PythonðŸ‡ºðŸ‡¿ offtopic group,1131457202,2024-05-03 14:55:07+00:00
S_Dragon_2000,903088105,3568553009110464527,PythonðŸ‡ºðŸ‡¿ offtopic group,1131457202,UserStatusRecently
samuk_of,6922873443,-2572794512324857683,PythonðŸ‡ºðŸ‡¿ offtopic group,1131457202,UserStatusRecently
Lion_12346,6413911933,7181115780650564686,PythonðŸ‡ºðŸ‡¿ offtopic group,1131457202,UserStatusRecently
JavokhirToiroff,130008804,-6309586216252196860,PythonðŸ‡ºðŸ‡¿ offtopic group,1131457202,UserStatusRecently
Prosta_Khann,2049604264,-7573756968444956771,PythonðŸ‡ºðŸ‡¿ offtopic group,1131457202,2024-05-04 11:19:06+00:00
,7027043195,-5977394552072441150,PythonðŸ‡ºðŸ‡¿ offtopic group,1131457202,2024-05-04 02:51:16+00:00
Rustamov_33,1217442854,1397159816176250681,PythonðŸ‡ºðŸ‡¿ offtopic group,1131457202,2024-05-04 08:22:56+00:00
BIOdev,5737794689,514620304432575312,PythonðŸ‡ºðŸ‡¿ offtopic group,1131457202,2024-05-04 11:25:48+00:00
Jakhonaliyev,5908414519,4509448668088031290,PythonðŸ‡ºðŸ‡¿ offtopic group,1131457202,2024-05-04 11:19:32+00:00
HpPandorra8881,602968977,-2619072827885888702,PythonðŸ‡ºðŸ‡¿ offtopic group,1131457202,UserStatusRecently
BobonorovAlimardon,1999031861,3347100102932675896,PythonðŸ‡ºðŸ‡¿ offtopic group,1131457202,UserStatusRecently
Nematxonov_Muhammad_Rasul,6561813590,-6163684508405821528,PythonðŸ‡ºðŸ‡¿ offtopic group,1131457202,UserStatusRecently
,5905110598,-8195248027988071396,PythonðŸ‡ºðŸ‡¿ offtopic group,1131457202,2024-05-04 10:43:15+00:00
sayfullayev_dev,6823313004,5984156639522772437,PythonðŸ‡ºðŸ‡¿ offtopic group,1131457202,UserStatusRecently
ShamshodR_py,1019133305,4261268978751305142,PythonðŸ‡ºðŸ‡¿ offtopic group,1131457202,UserStatusRecently
Shamsiddindaminov1,5970755682,-4138776491644318640,PythonðŸ‡ºðŸ‡¿ offtopic group,1131457202,2024-05-04 11:26:57+00:00
Gucci_3233,5244028182,-6324704704431245089,PythonðŸ‡ºðŸ‡¿ offtopic group,1131457202,2024-05-04 10:57:33+00:00
AzizbekAbdunazarov,5339949410,-2849889051472970125,PythonðŸ‡ºðŸ‡¿ offtopic group,1131457202,2024-05-04 10:38:23+00:00
forever_dwoz,5461243463,2223916595839123666,PythonðŸ‡ºðŸ‡¿ offtopic group,1131457202,UserStatusOnline
Sayfullayev_0204,1184615268,4685834479608829525,PythonðŸ‡ºðŸ‡¿ offtopic group,1131457202,UserStatusRecently
google_uzb,619752936,-8918517220680942458,PythonðŸ‡ºðŸ‡¿ offtopic group,1131457202,2024-05-04 10:44:10+00:00
Kiberxavfsizlik_mutaxasisi_01,6522308239,-5734489212567872377,PythonðŸ‡ºðŸ‡¿ offtopic group,1131457202,UserStatusLastWeek
yakubjanov_004,1978574076,3421120116558727447,PythonðŸ‡ºðŸ‡¿ offtopic group,1131457202,UserStatusRecently
,5645115047,4472831582992535409,PythonðŸ‡ºðŸ‡¿ offtopic group,1131457202,UserStatusRecently
IlhomChiiik,5228457247,-6081814977137002148,PythonðŸ‡ºðŸ‡¿ offtopic group,1131457202,UserStatusRecently
,7130851188,-5832143972278644830,PythonðŸ‡ºðŸ‡¿ offtopic group,1131457202,NoneType
MY_VISUAL_LIFE,6327823559,-2207632161171838378,PythonðŸ‡ºðŸ‡¿ offtopic group,1131457202,UserStatusRecently
,2086680716,7887889220782303509,PythonðŸ‡ºðŸ‡¿ offtopic group,1131457202,2024-05-04 10:03:34+00:00
ronym_media,1768330605,-42023872557618846,PythonðŸ‡ºðŸ‡¿ offtopic group,1131457202,UserStatusRecently
,2076361501,8785328476217089927,PythonðŸ‡ºðŸ‡¿ offtopic group,1131457202,2024-04-14 00:37:28+00:00
solvestram,770730955,8042532555168785338,PythonðŸ‡ºðŸ‡¿ offtopic group,1131457202,UserStatusRecently
MrSamandar_0205,1596635571,-7264301464566214775,PythonðŸ‡ºðŸ‡¿ offtopic group,1131457202,UserStatusRecently
,5451644026,-5981000843713288772,PythonðŸ‡ºðŸ‡¿ offtopic group,1131457202,UserStatusRecently
,5156689319,7135047242520666722,PythonðŸ‡ºðŸ‡¿ offtopic group,1131457202,2024-04-24 00:15:43+00:00
faxriddinovv_7,5942701356,4246818037226723166,PythonðŸ‡ºðŸ‡¿ offtopic group,1131457202,UserStatusRecently
az_etc,5676930441,-2484504034255548728,PythonðŸ‡ºðŸ‡¿ offtopic group,1131457202,UserStatusRecently
Jasurbek_Rakhmatov,5891289652,6282969006133865528,PythonðŸ‡ºðŸ‡¿ offtopic group,1131457202,UserStatusOnline
Tatuuuuuuuuuuuuuuuuz,6982789106,-7697908353538688911,PythonðŸ‡ºðŸ‡¿ offtopic group,1131457202,UserStatusRecently
islombek_ryzen,5687710678,-4395629327992286830,PythonðŸ‡ºðŸ‡¿ offtopic group,1131457202,UserStatusRecently
TheBugCreator,105618575,-834459980485002984,PythonðŸ‡ºðŸ‡¿ offtopic group,1131457202,UserStatusRecently
davlatbekzoirov,6253711491,-1075682603187105960,PythonðŸ‡ºðŸ‡¿ offtopic group,1131457202,2024-05-04 09:55:02+00:00
S1ROJOV_m,5773510234,1753042587072211897,PythonðŸ‡ºðŸ‡¿ offtopic group,1131457202,2024-05-04 10:24:44+00:00
Akobir36,915344925,-7505296127410862800,PythonðŸ‡ºðŸ‡¿ offtopic group,1131457202,2024-05-04 11:21:38+00:00
shokirovmr,914228817,27452531427235429,PythonðŸ‡ºðŸ‡¿ offtopic group,1131457202,UserStatusOnline
mizantirop,6803715806,-3225183656511464440,PythonðŸ‡ºðŸ‡¿ offtopic group,1131457202,UserStatusLastMonth
Akatsuki_shinobi,5110814400,-1005591625617097498,PythonðŸ‡ºðŸ‡¿ offtopic group,1131457202,2024-05-04 11:25:09+00:00
diyorjon_akhmadjonov,733875389,7901276756225294021,PythonðŸ‡ºðŸ‡¿ offtopic group,1131457202,UserStatusRecently
chiroyll_bolakay,6514913910,-5360385290662148200,PythonðŸ‡ºðŸ‡¿ offtopic group,1131457202,2024-05-01 20:11:40+00:00
Ghjyl12,5048731804,-6478062943735391034,PythonðŸ‡ºðŸ‡¿ offtopic group,1131457202,UserStatusRecently
,1018947301,-786109920682324691,PythonðŸ‡ºðŸ‡¿ offtopic group,1131457202,UserStatusRecently
little_sweety_04,1355989844,-1258217539010547376,PythonðŸ‡ºðŸ‡¿ offtopic group,1131457202,UserStatusRecently
sarvarphp,5217676901,-905716303368769505,PythonðŸ‡ºðŸ‡¿ offtopic group,1131457202,UserStatusRecently
Yildrm1999,1415250223,1782071292206891270,PythonðŸ‡ºðŸ‡¿ offtopic group,1131457202,UserStatusOnline
Samandar_Allaberdiyev,6375191112,-7533253017060441,PythonðŸ‡ºðŸ‡¿ offtopic group,1131457202,2024-05-04 11:26:15+00:00
Shaxzodbek777,443194489,3061293535451138677,PythonðŸ‡ºðŸ‡¿ offtopic group,1131457202,2024-05-04 11:05:42+00:00
just_the_moment,5419118871,-3335888397335676867,PythonðŸ‡ºðŸ‡¿ offtopic group,1131457202,UserStatusRecently
unnamed00000,1267287288,-6201498955209117983,PythonðŸ‡ºðŸ‡¿ offtopic group,1131457202,2024-05-03 18:29:22+00:00
solo_ne,762115412,-2380692960995315671,PythonðŸ‡ºðŸ‡¿ offtopic group,1131457202,UserStatusRecently
,6203618411,4120672920090263988,PythonðŸ‡ºðŸ‡¿ offtopic group,1131457202,2024-04-07 14:19:25+00:00
khaydarovAkbar,758934089,-3597894729820602907,PythonðŸ‡ºðŸ‡¿ offtopic group,1131457202,UserStatusRecently
,6108531838,195763265556980410,PythonðŸ‡ºðŸ‡¿ offtopic group,1131457202,2024-05-04 10:44:34+00:00
q5huhrat,450583082,6972925661493489749,PythonðŸ‡ºðŸ‡¿ offtopic group,1131457202,UserStatusRecently
,6687255693,4524995955199534466,PythonðŸ‡ºðŸ‡¿ offtopic group,1131457202,UserStatusRecently
GaffarovShoxrux,523178386,-3912281475268808453,PythonðŸ‡ºðŸ‡¿ offtopic group,1131457202,2024-05-04 11:26:43+00:00
coscli,6219999739,3923977037973747266,PythonðŸ‡ºðŸ‡¿ offtopic group,1131457202,UserStatusRecently
theiskhamdamov,474093507,-2174489199056120377,PythonðŸ‡ºðŸ‡¿ offtopic group,1131457202,UserStatusRecently
yuldoshevv7,6134451102,7355113217624006450,PythonðŸ‡ºðŸ‡¿ offtopic group,1131457202,UserStatusRecently
vds_support,1699084858,-4405565192703006664,PythonðŸ‡ºðŸ‡¿ offtopic group,1131457202,UserStatusRecently
CoderLast,594966461,-6023687936812395732,PythonðŸ‡ºðŸ‡¿ offtopic group,1131457202,UserStatusRecently
MShakhboz,1905881970,-3519847425137875687,PythonðŸ‡ºðŸ‡¿ offtopic group,1131457202,2024-05-04 11:00:26+00:00
Uzbek_PHO,6417727961,-5020991860524823571,PythonðŸ‡ºðŸ‡¿ offtopic group,1131457202,2024-05-04 11:01:33+00:00
,5297326015,-7580572528067841155,PythonðŸ‡ºðŸ‡¿ offtopic group,1131457202,NoneType
atyrau_group,5066248632,-1368855555451125883,PythonðŸ‡ºðŸ‡¿ offtopic group,1131457202,2024-05-04 08:53:54+00:00
,6363072214,-1622115931113284338,PythonðŸ‡ºðŸ‡¿ offtopic group,1131457202,UserStatusRecently
,6794826687,5804876035257038945,PythonðŸ‡ºðŸ‡¿ offtopic group,1131457202,NoneType
sanjar68x,5122119678,-285194199115197381,PythonðŸ‡ºðŸ‡¿ offtopic group,1131457202,UserStatusRecently
infinityN01,1279010818,-246249352374334274,PythonðŸ‡ºðŸ‡¿ offtopic group,1131457202,UserStatusRecently
,6764863323,1568103598804361690,PythonðŸ‡ºðŸ‡¿ offtopic group,1131457202,UserStatusLastWeek
C007_VIRUS,6910061933,-8603158501113526172,PythonðŸ‡ºðŸ‡¿ offtopic group,1131457202,UserStatusRecently
Leon98,35012047,-8919753208801398917,PythonðŸ‡ºðŸ‡¿ offtopic group,1131457202,2024-05-04 10:32:45+00:00
,683551774,-52098444243902038,PythonðŸ‡ºðŸ‡¿ offtopic group,1131457202,2024-05-04 11:07:58+00:00
gulomtashtemirov,610099946,-3585193232747338768,PythonðŸ‡ºðŸ‡¿ offtopic group,1131457202,UserStatusRecently
alilion12,4871451,-220867791952627081,PythonðŸ‡ºðŸ‡¿ offtopic group,1131457202,2024-05-04 11:15:26+00:00
Sobirov_Jamshid,285151723,3497502080811722021,PythonðŸ‡ºðŸ‡¿ offtopic group,1131457202,UserStatusRecently
D_A_R_K_py,1365846036,8836705372582205071,PythonðŸ‡ºðŸ‡¿ offtopic group,1131457202,2024-05-04 08:22:27+00:00
Otavaliyev_M,1416457518,-5667705344703693348,PythonðŸ‡ºðŸ‡¿ offtopic group,1131457202,UserStatusRecently
Mamadaliyev_0929,6217360430,5167632790993674950,PythonðŸ‡ºðŸ‡¿ offtopic group,1131457202,2024-05-04 11:23:53+00:00
qwerty121211,870058843,-7516970407606537691,PythonðŸ‡ºðŸ‡¿ offtopic group,1131457202,UserStatusRecently
mirpolatov_m,5772722670,-316955507483237561,PythonðŸ‡ºðŸ‡¿ offtopic group,1131457202,2024-05-04 11:20:26+00:00
,6827070833,7107809876638574571,PythonðŸ‡ºðŸ‡¿ offtopic group,1131457202,2024-04-25 15:57:33+00:00
baxodirovtimur,5711319537,4233673589602116263,PythonðŸ‡ºðŸ‡¿ offtopic group,1131457202,2024-05-04 09:57:49+00:00
avazbek_dev,5667762268,5470592218392686857,PythonðŸ‡ºðŸ‡¿ offtopic group,1131457202,UserStatusRecently
vpsvdsmg,6951859640,-8642197136019394191,PythonðŸ‡ºðŸ‡¿ offtopic group,1131457202,2024-04-01 06:28:58+00:00
U_Qohhorov,1105995218,-299586091818253985,PythonðŸ‡ºðŸ‡¿ offtopic group,1131457202,2024-05-04 11:25:41+00:00
,210541696,-9070638461148935123,PythonðŸ‡ºðŸ‡¿ offtopic group,1131457202,UserStatusRecently
,7076954585,5600625811528178069,PythonðŸ‡ºðŸ‡¿ offtopic group,1131457202,NoneType
Ayubxon_Zokirov,964031372,788593777408041481,PythonðŸ‡ºðŸ‡¿ offtopic group,1131457202,UserStatusRecently
,6434068196,-5225692400808828134,PythonðŸ‡ºðŸ‡¿ offtopic group,1131457202,NoneType
,6707308547,-7734206668303050987,PythonðŸ‡ºðŸ‡¿ offtopic group,1131457202,2024-04-27 18:24:18+00:00
abrorbek_qaxxorov,5365763538,-7267368626800381343,PythonðŸ‡ºðŸ‡¿ offtopic group,1131457202,UserStatusRecently
Fasthelppp,5402456697,-115143569794708486,PythonðŸ‡ºðŸ‡¿ offtopic group,1131457202,2024-05-04 02:25:36+00:00
Makhamadjonov,1283358430,3257662956369326007,PythonðŸ‡ºðŸ‡¿ offtopic group,1131457202,UserStatusRecently
Akobir1Usmonov,1839287094,4737743522333639850,PythonðŸ‡ºðŸ‡¿ offtopic group,1131457202,UserStatusRecently
mirvakhidov_02,877861494,714006253675934773,PythonðŸ‡ºðŸ‡¿ offtopic group,1131457202,UserStatusLastMonth
mari_golberg_1956,6443393818,-1704954749722851355,PythonðŸ‡ºðŸ‡¿ offtopic group,1131457202,2024-05-04 10:40:56+00:00
PoraoAfiliados,6233222890,-1205501233502532403,PythonðŸ‡ºðŸ‡¿ offtopic group,1131457202,2024-03-23 14:14:42+00:00
seriolab_uzb,5743589999,-4115226626331018635,PythonðŸ‡ºðŸ‡¿ offtopic group,1131457202,UserStatusRecently
inte_uz,5214215458,5645059350974313244,PythonðŸ‡ºðŸ‡¿ offtopic group,1131457202,2024-05-04 04:30:43+00:00
Muhammadqodir_ako,6397082608,-4072881738821228758,PythonðŸ‡ºðŸ‡¿ offtopic group,1131457202,2024-05-04 10:12:43+00:00
,6502303645,7075597396230771196,PythonðŸ‡ºðŸ‡¿ offtopic group,1131457202,NoneType
Elvy223,6202545634,-7565701596848294857,PythonðŸ‡ºðŸ‡¿ offtopic group,1131457202,2024-04-08 09:10:14+00:00
Oblakulov_uz,1380674728,2153773313177063610,PythonðŸ‡ºðŸ‡¿ offtopic group,1131457202,2024-05-04 07:48:58+00:00
,6885230009,-1429175330151295938,PythonðŸ‡ºðŸ‡¿ offtopic group,1131457202,NoneType
ruzimov_fx,6796076162,-3051448927768268259,PythonðŸ‡ºðŸ‡¿ offtopic group,1131457202,UserStatusRecently
Ishiguro_Masakazu,5220389832,7927582245640544100,PythonðŸ‡ºðŸ‡¿ offtopic group,1131457202,UserStatusRecently
ol1m_jon,1328264642,-1171720575517656963,PythonðŸ‡ºðŸ‡¿ offtopic group,1131457202,2024-05-04 11:07:43+00:00
Muradjan20,557052259,450498283638248923,PythonðŸ‡ºðŸ‡¿ offtopic group,1131457202,UserStatusRecently
UygaQunar,6918147102,199756362365063407,PythonðŸ‡ºðŸ‡¿ offtopic group,1131457202,2024-05-04 08:56:17+00:00
uptuz_owner,6381179532,-8171346239662653582,PythonðŸ‡ºðŸ‡¿ offtopic group,1131457202,UserStatusOnline
,6586175141,4865089487225914962,PythonðŸ‡ºðŸ‡¿ offtopic group,1131457202,2024-05-04 03:05:51+00:00
Zeeeeeed,5246252462,3802975044889719325,PythonðŸ‡ºðŸ‡¿ offtopic group,1131457202,2024-05-04 11:25:38+00:00
python_dev8,1312579400,-6670771196189240342,PythonðŸ‡ºðŸ‡¿ offtopic group,1131457202,UserStatusRecently
the_azamatkh,5851278699,6183036441141578286,PythonðŸ‡ºðŸ‡¿ offtopic group,1131457202,UserStatusRecently
UzFine,5939476592,-5981978228183439818,PythonðŸ‡ºðŸ‡¿ offtopic group,1131457202,UserStatusRecently
abubakr_abdurashidov,6525811144,-5233381042598981070,PythonðŸ‡ºðŸ‡¿ offtopic group,1131457202,2024-05-04 11:10:39+00:00
Mobile_developer_2023,5446286360,-8447478900902044253,PythonðŸ‡ºðŸ‡¿ offtopic group,1131457202,2024-05-04 11:13:27+00:00
rahmatulloh_ibrohimovv,1434187854,8713246237539449934,PythonðŸ‡ºðŸ‡¿ offtopic group,1131457202,UserStatusRecently
,6324203601,-8411999385516911932,PythonðŸ‡ºðŸ‡¿ offtopic group,1131457202,UserStatusRecently
,952350392,532335412349526423,PythonðŸ‡ºðŸ‡¿ offtopic group,1131457202,UserStatusRecently
mukhriddin_7,574186420,1173435101692218065,PythonðŸ‡ºðŸ‡¿ offtopic group,1131457202,2024-05-04 10:10:40+00:00
Calokhiddin,487760983,-4675573410515011254,PythonðŸ‡ºðŸ‡¿ offtopic group,1131457202,UserStatusRecently
Mirxana,5779301473,1391238551640000868,PythonðŸ‡ºðŸ‡¿ offtopic group,1131457202,2024-04-25 17:52:25+00:00
,1716789497,7686511884277783189,PythonðŸ‡ºðŸ‡¿ offtopic group,1131457202,2024-05-04 09:38:02+00:00
,6573997292,-8374824660220481062,PythonðŸ‡ºðŸ‡¿ offtopic group,1131457202,NoneType
Jajhfjwgeh,1285344262,-4187337899712572548,PythonðŸ‡ºðŸ‡¿ offtopic group,1131457202,UserStatusRecently
Sergiyan4,5678765009,-8462150269622902326,PythonðŸ‡ºðŸ‡¿ offtopic group,1131457202,UserStatusRecently
Etlllizaveta5_Maslovskaya,5143819756,5115795393194660,PythonðŸ‡ºðŸ‡¿ offtopic group,1131457202,UserStatusRecently
oomar_2001,7001318173,-3740703594500519272,PythonðŸ‡ºðŸ‡¿ offtopic group,1131457202,UserStatusRecently
Muhammad5130,700010761,-4566247823182991304,PythonðŸ‡ºðŸ‡¿ offtopic group,1131457202,2024-05-04 10:13:42+00:00
Nodir555,582185070,-3743682189857254542,PythonðŸ‡ºðŸ‡¿ offtopic group,1131457202,UserStatusRecently
,6747940051,-7412914957344710284,PythonðŸ‡ºðŸ‡¿ offtopic group,1131457202,NoneType
,1169237731,1581351686371939761,PythonðŸ‡ºðŸ‡¿ offtopic group,1131457202,UserStatusRecently
,6467817916,-3788097714030527242,PythonðŸ‡ºðŸ‡¿ offtopic group,1131457202,2024-02-26 21:05:59+00:00
,6978110887,5888610786833904768,PythonðŸ‡ºðŸ‡¿ offtopic group,1131457202,NoneType
rkhbobur,1776373061,3669613052889363682,PythonðŸ‡ºðŸ‡¿ offtopic group,1131457202,UserStatusRecently
Shukrulloh_72,1152269278,-6092277990840668608,PythonðŸ‡ºðŸ‡¿ offtopic group,1131457202,UserStatusRecently
Shohruh_Raxmataliyev,301207164,9190810643031693744,PythonðŸ‡ºðŸ‡¿ offtopic group,1131457202,UserStatusRecently
Uzbekistan_football_association,5021533207,-6868245600022835941,PythonðŸ‡ºðŸ‡¿ offtopic group,1131457202,UserStatusRecently
masteradminmanager,6773729444,5768792236663090212,PythonðŸ‡ºðŸ‡¿ offtopic group,1131457202,2024-05-04 07:52:57+00:00
umid_nn,553998101,4580946077219858048,PythonðŸ‡ºðŸ‡¿ offtopic group,1131457202,UserStatusRecently
npcfury,5135615502,8008819455140234560,PythonðŸ‡ºðŸ‡¿ offtopic group,1131457202,UserStatusRecently
,1047613206,-1480956909889047642,PythonðŸ‡ºðŸ‡¿ offtopic group,1131457202,NoneType
bekzodbeoken2oo2,5170530851,-2535163881236836107,PythonðŸ‡ºðŸ‡¿ offtopic group,1131457202,2024-05-04 02:39:56+00:00
,5587640141,-2352744084428560477,PythonðŸ‡ºðŸ‡¿ offtopic group,1131457202,2024-03-12 09:04:53+00:00
,5652736081,8220921750008529905,PythonðŸ‡ºðŸ‡¿ offtopic group,1131457202,NoneType
Sardor_Toshqulov,1250082946,-5985395383582665677,PythonðŸ‡ºðŸ‡¿ offtopic group,1131457202,UserStatusRecently
,901384758,-4549952877342071108,PythonðŸ‡ºðŸ‡¿ offtopic group,1131457202,NoneType
DAHO_DASTURCHI,1393139047,5711212429631841613,PythonðŸ‡ºðŸ‡¿ offtopic group,1131457202,2024-05-04 09:58:28+00:00
lifeispuzzlee,228593899,6980742490548799450,PythonðŸ‡ºðŸ‡¿ offtopic group,1131457202,2024-05-04 09:59:07+00:00
tmeweb,822799176,2264250148519163387,PythonðŸ‡ºðŸ‡¿ offtopic group,1131457202,UserStatusRecently
C_plus_plus_programmist_coder,5374749676,6752634882884313513,PythonðŸ‡ºðŸ‡¿ offtopic group,1131457202,2024-05-04 06:52:06+00:00
,6495126381,6774410802519488508,PythonðŸ‡ºðŸ‡¿ offtopic group,1131457202,NoneType
unBlockedwhy,6934734236,-3707060315907948722,PythonðŸ‡ºðŸ‡¿ offtopic group,1131457202,UserStatusOnline
uzbbdev,700896686,5238654566717152126,PythonðŸ‡ºðŸ‡¿ offtopic group,1131457202,UserStatusRecently
otarbaev_salamat,1921119318,-2945696692131348274,PythonðŸ‡ºðŸ‡¿ offtopic group,1131457202,2024-05-04 11:15:35+00:00
texnikmanadmin,574102695,6873201731118824708,PythonðŸ‡ºðŸ‡¿ offtopic group,1131457202,2024-05-04 07:00:19+00:00
,6403451962,-6180619918280816833,PythonðŸ‡ºðŸ‡¿ offtopic group,1131457202,UserStatusRecently
BOYMUR0DOV_N1,6513774460,-8652737114668612036,PythonðŸ‡ºðŸ‡¿ offtopic group,1131457202,2024-05-04 03:49:27+00:00
Otabek_8704,5006893765,-360335843928221545,PythonðŸ‡ºðŸ‡¿ offtopic group,1131457202,UserStatusRecently
,6852352105,632865242674146643,PythonðŸ‡ºðŸ‡¿ offtopic group,1131457202,NoneType
mstarikhi,829442341,7518233652940742516,PythonðŸ‡ºðŸ‡¿ offtopic group,1131457202,UserStatusRecently
Muhammad_671,6851514715,8147824221323861668,PythonðŸ‡ºðŸ‡¿ offtopic group,1131457202,2024-05-03 19:27:27+00:00
Qizildasturchi,5424769824,-7162769812384524339,PythonðŸ‡ºðŸ‡¿ offtopic group,1131457202,2024-05-04 11:24:50+00:00
zarnigor7591,2114855686,-3485967795016558503,PythonðŸ‡ºðŸ‡¿ offtopic group,1131457202,UserStatusRecently
,386406790,1756516810424057776,PythonðŸ‡ºðŸ‡¿ offtopic group,1131457202,UserStatusRecently
TonySAMP,6186205266,-4405717176500697960,PythonðŸ‡ºðŸ‡¿ offtopic group,1131457202,UserStatusRecently
MurodillaKarimov,875587704,-1130389242859065562,PythonðŸ‡ºðŸ‡¿ offtopic group,1131457202,UserStatusOnline
Tekx8_Author,1304452305,111652943406030730,PythonðŸ‡ºðŸ‡¿ offtopic group,1131457202,2024-05-03 17:34:10+00:00
Ihtiornarzikulov,5515243902,8715404072940063500,PythonðŸ‡ºðŸ‡¿ offtopic group,1131457202,2024-05-04 11:04:24+00:00
XDK16,878045048,-4488059294745847595,PythonðŸ‡ºðŸ‡¿ offtopic group,1131457202,2024-05-04 10:25:54+00:00
Doni_10minut,922864278,-5523053299885695831,PythonðŸ‡ºðŸ‡¿ offtopic group,1131457202,2024-05-04 10:30:48+00:00
abduhamid0v,6174740244,-948885664197320204,PythonðŸ‡ºðŸ‡¿ offtopic group,1131457202,2024-05-04 11:21:24+00:00
vivocompany,1801568573,2039726618973631706,PythonðŸ‡ºðŸ‡¿ offtopic group,1131457202,UserStatusRecently
menejerme,1393587687,2431268509683571006,PythonðŸ‡ºðŸ‡¿ offtopic group,1131457202,UserStatusRecently
alone_sigma007,6158546539,6150699272693121256,PythonðŸ‡ºðŸ‡¿ offtopic group,1131457202,2024-05-04 10:00:43+00:00
Nizomiddin_06,5232772662,5220673350834238724,PythonðŸ‡ºðŸ‡¿ offtopic group,1131457202,2024-02-11 12:11:47+00:00
,1868041880,976192812352258930,PythonðŸ‡ºðŸ‡¿ offtopic group,1131457202,NoneType
,5961066592,-5177099791410104422,PythonðŸ‡ºðŸ‡¿ offtopic group,1131457202,NoneType
,5402433963,6300452063285318280,PythonðŸ‡ºðŸ‡¿ offtopic group,1131457202,NoneType
AlisherMuxtorov99,5113106125,7803824217538371405,PythonðŸ‡ºðŸ‡¿ offtopic group,1131457202,UserStatusRecently
,605248643,-6496386296779671603,PythonðŸ‡ºðŸ‡¿ offtopic group,1131457202,2024-05-04 11:18:27+00:00
Shok_haaa,5945353559,-7997703850589286414,PythonðŸ‡ºðŸ‡¿ offtopic group,1131457202,UserStatusRecently
Moliyachi2002,6635122039,-3551267666161195741,PythonðŸ‡ºðŸ‡¿ offtopic group,1131457202,2024-02-03 06:58:18+00:00
ali_ev01,5953608981,-2473266112733306084,PythonðŸ‡ºðŸ‡¿ offtopic group,1131457202,UserStatusRecently
fayozbek_tk,1655780694,-442009547796185460,PythonðŸ‡ºðŸ‡¿ offtopic group,1131457202,UserStatusRecently
Coder_MYP,795726700,3171986958974510206,PythonðŸ‡ºðŸ‡¿ offtopic group,1131457202,UserStatusRecently
uzbsobirov,1435473812,-8477937841339642164,PythonðŸ‡ºðŸ‡¿ offtopic group,1131457202,2024-05-04 10:00:02+00:00
ADM0397,138010184,78435409683081099,PythonðŸ‡ºðŸ‡¿ offtopic group,1131457202,2024-05-04 09:20:09+00:00
Asherzod1,669662747,2724132707902906049,PythonðŸ‡ºðŸ‡¿ offtopic group,1131457202,UserStatusRecently
shakayeva_e,1812208539,-4613023129422338115,PythonðŸ‡ºðŸ‡¿ offtopic group,1131457202,2024-05-04 10:14:12+00:00
,5217387879,-3157104196539145292,PythonðŸ‡ºðŸ‡¿ offtopic group,1131457202,UserStatusRecently
iOS_dev1998,883553127,5169657821831939422,PythonðŸ‡ºðŸ‡¿ offtopic group,1131457202,UserStatusRecently
IIV4609,895332333,-1937017213462755445,PythonðŸ‡ºðŸ‡¿ offtopic group,1131457202,UserStatusRecently
USMONOV_0530,5007917620,2947907993953134710,PythonðŸ‡ºðŸ‡¿ offtopic group,1131457202,UserStatusRecently
arizonalik,1985404200,8206034739357015548,PythonðŸ‡ºðŸ‡¿ offtopic group,1131457202,UserStatusRecently
,460637100,-280628493132959171,PythonðŸ‡ºðŸ‡¿ offtopic group,1131457202,UserStatusRecently
oomar_29,2004861395,-5962624857842563409,PythonðŸ‡ºðŸ‡¿ offtopic group,1131457202,UserStatusRecently
M_Files001,113701269,5387909627127325395,PythonðŸ‡ºðŸ‡¿ offtopic group,1131457202,2024-05-04 10:54:41+00:00
backend_developer_10,5822875064,-8068942913295951980,PythonðŸ‡ºðŸ‡¿ offtopic group,1131457202,UserStatusRecently
Kamezukash1,1683404154,-7079739031824350359,PythonðŸ‡ºðŸ‡¿ offtopic group,1131457202,UserStatusRecently
,1133951106,4099942105892049426,PythonðŸ‡ºðŸ‡¿ offtopic group,1131457202,NoneType
Saladin289,1171164689,-6137555509652955255,PythonðŸ‡ºðŸ‡¿ offtopic group,1131457202,2024-05-04 11:25:49+00:00
puffD1,1090926912,-4459376313559304968,PythonðŸ‡ºðŸ‡¿ offtopic group,1131457202,2024-05-03 18:42:48+00:00
Nik_band,6376509066,2341440927555152582,PythonðŸ‡ºðŸ‡¿ offtopic group,1131457202,2024-05-04 09:07:23+00:00
Bad_boy_man,1233521117,-5554252912185817010,PythonðŸ‡ºðŸ‡¿ offtopic group,1131457202,UserStatusRecently
rasul_863,1802159021,-5042580645442125378,PythonðŸ‡ºðŸ‡¿ offtopic group,1131457202,2024-05-04 11:19:51+00:00
dadajonov_azamjon,5652782580,-7174658618973399437,PythonðŸ‡ºðŸ‡¿ offtopic group,1131457202,UserStatusOnline
,6392490236,3345616464569353912,PythonðŸ‡ºðŸ‡¿ offtopic group,1131457202,NoneType
shukurovs_1,1919941911,6036922284422493133,PythonðŸ‡ºðŸ‡¿ offtopic group,1131457202,UserStatusRecently
,1708476163,-6167009607959719939,PythonðŸ‡ºðŸ‡¿ offtopic group,1131457202,UserStatusRecently
Alishermann,158958108,-8883640038286480819,PythonðŸ‡ºðŸ‡¿ offtopic group,1131457202,UserStatusRecently
muhib_dev,1041847396,-7809991534506674704,PythonðŸ‡ºðŸ‡¿ offtopic group,1131457202,2024-05-04 11:26:57+00:00
Muhammad_Temirov,1553589892,-4967960824595031482,PythonðŸ‡ºðŸ‡¿ offtopic group,1131457202,2024-05-04 11:17:55+00:00
,5587160122,4097894078967905507,PythonðŸ‡ºðŸ‡¿ offtopic group,1131457202,UserStatusRecently
Osson_fizikaa,5167415963,2789593709599166942,PythonðŸ‡ºðŸ‡¿ offtopic group,1131457202,2024-05-04 10:37:18+00:00
geodev_at,1165010988,-7560121379272746057,PythonðŸ‡ºðŸ‡¿ offtopic group,1131457202,UserStatusRecently
,6042075434,4377985052322716106,PythonðŸ‡ºðŸ‡¿ offtopic group,1131457202,2024-01-10 19:43:25+00:00
,1190399444,8173398847806773978,PythonðŸ‡ºðŸ‡¿ offtopic group,1131457202,UserStatusRecently
python_developer777,6244481651,-8752191002785254205,PythonðŸ‡ºðŸ‡¿ offtopic group,1131457202,NoneType
Chiptuning_avto,703935557,3944681385228066013,PythonðŸ‡ºðŸ‡¿ offtopic group,1131457202,2024-05-03 16:24:21+00:00
GiyosWUIT,5787253801,9010309919358080970,PythonðŸ‡ºðŸ‡¿ offtopic group,1131457202,NoneType
ImYago,5359138099,5458034993885487433,PythonðŸ‡ºðŸ‡¿ offtopic group,1131457202,UserStatusRecently
I_am_admin141,5230484991,1871698349665472569,PythonðŸ‡ºðŸ‡¿ offtopic group,1131457202,2024-05-04 09:54:48+00:00
,6750036616,-7545623898708845602,PythonðŸ‡ºðŸ‡¿ offtopic group,1131457202,NoneType
,6628666660,8862653975774282082,PythonðŸ‡ºðŸ‡¿ offtopic group,1131457202,NoneType
commandhelp,1482270159,-6382429081489620807,PythonðŸ‡ºðŸ‡¿ offtopic group,1131457202,UserStatusRecently
IbrohimBultakov,1389684751,8260694971776424058,PythonðŸ‡ºðŸ‡¿ offtopic group,1131457202,UserStatusRecently
bxoliqulov,653341718,5736690195287768314,PythonðŸ‡ºðŸ‡¿ offtopic group,1131457202,UserStatusRecently
Saloxiddeen1,1239755116,-8650466992055201139,PythonðŸ‡ºðŸ‡¿ offtopic group,1131457202,UserStatusRecently
mavjuda_begi,1129438302,2130058672603266254,PythonðŸ‡ºðŸ‡¿ offtopic group,1131457202,UserStatusRecently
JaVa_404,1289895170,8077259767773911507,PythonðŸ‡ºðŸ‡¿ offtopic group,1131457202,UserStatusOnline
Stanford74q,5927869678,5324284655490213054,PythonðŸ‡ºðŸ‡¿ offtopic group,1131457202,2024-03-14 10:59:15+00:00
SaXo_Design,1946827629,1297948943423938242,PythonðŸ‡ºðŸ‡¿ offtopic group,1131457202,UserStatusRecently
Abu_Stark_Development,1130248517,-1287920598597887511,PythonðŸ‡ºðŸ‡¿ offtopic group,1131457202,UserStatusRecently
Jumanazarov_Rustam,5092869653,599456207581738515,PythonðŸ‡ºðŸ‡¿ offtopic group,1131457202,UserStatusRecently
Raxmonov1309,5583297863,1328953689893251250,PythonðŸ‡ºðŸ‡¿ offtopic group,1131457202,2024-05-04 11:13:35+00:00
,6723317528,-7077492017214064479,PythonðŸ‡ºðŸ‡¿ offtopic group,1131457202,2024-05-04 07:22:02+00:00
,5736513319,-2197749519885031365,PythonðŸ‡ºðŸ‡¿ offtopic group,1131457202,2024-01-15 10:15:38+00:00
,6469521071,6374636737976629189,PythonðŸ‡ºðŸ‡¿ offtopic group,1131457202,NoneType
Abdulkhaev31,6588402526,5581103205273033311,PythonðŸ‡ºðŸ‡¿ offtopic group,1131457202,NoneType
,1173728907,1548651390218667827,PythonðŸ‡ºðŸ‡¿ offtopic group,1131457202,2024-05-04 06:48:16+00:00
,5664786994,6484402789558294459,PythonðŸ‡ºðŸ‡¿ offtopic group,1131457202,UserStatusRecently
n_abdulazizov,5857473164,-3297788925374187964,PythonðŸ‡ºðŸ‡¿ offtopic group,1131457202,UserStatusRecently
,6291182304,-599846733461245938,PythonðŸ‡ºðŸ‡¿ offtopic group,1131457202,NoneType
,5650180068,-4208907694928861431,PythonðŸ‡ºðŸ‡¿ offtopic group,1131457202,2024-05-04 10:11:19+00:00
programmer_ali_uz,622955679,587569561134854067,PythonðŸ‡ºðŸ‡¿ offtopic group,1131457202,2024-05-04 09:35:57+00:00
,133099517,115144611383209278,PythonðŸ‡ºðŸ‡¿ offtopic group,1131457202,UserStatusRecently
,6592434686,-3176880368712133725,PythonðŸ‡ºðŸ‡¿ offtopic group,1131457202,NoneType
abdulmomin_raxim,3374426,6890381276490964907,PythonðŸ‡ºðŸ‡¿ offtopic group,1131457202,UserStatusRecently
Shamsiddin_xon,5280188027,2412813988016462523,PythonðŸ‡ºðŸ‡¿ offtopic group,1131457202,UserStatusRecently
,727824473,-3547784556826719592,PythonðŸ‡ºðŸ‡¿ offtopic group,1131457202,NoneType
Azizxan_office,1088653355,7893796033142691052,PythonðŸ‡ºðŸ‡¿ offtopic group,1131457202,UserStatusRecently
Programmer0117,5838583329,4715901720053092100,PythonðŸ‡ºðŸ‡¿ offtopic group,1131457202,UserStatusRecently
Academic70,1705750289,-1420046671409485172,PythonðŸ‡ºðŸ‡¿ offtopic group,1131457202,UserStatusRecently
lombord,855547180,-7212559246793765175,PythonðŸ‡ºðŸ‡¿ offtopic group,1131457202,UserStatusRecently
iKhanUz,1328662483,-1810590810226277423,PythonðŸ‡ºðŸ‡¿ offtopic group,1131457202,2024-05-04 11:24:40+00:00
AZIZ0085,521563018,1269114023741152277,PythonðŸ‡ºðŸ‡¿ offtopic group,1131457202,UserStatusRecently
rufat_infinity,703267317,3932631115028374829,PythonðŸ‡ºðŸ‡¿ offtopic group,1131457202,UserStatusRecently
cbekoder,5729115581,8689026831000945764,PythonðŸ‡ºðŸ‡¿ offtopic group,1131457202,2024-05-04 11:11:07+00:00
Xondamir777,1405814595,-4132792434545400057,PythonðŸ‡ºðŸ‡¿ offtopic group,1131457202,2024-05-04 11:23:58+00:00
diyorbek_norqulov,1612507579,-7328340401297560940,PythonðŸ‡ºðŸ‡¿ offtopic group,1131457202,2024-05-04 07:32:46+00:00
XxCergoxX,6784533541,-1856119981704867461,PythonðŸ‡ºðŸ‡¿ offtopic group,1131457202,UserStatusRecently
uilding,6878166883,-436311721124278560,PythonðŸ‡ºðŸ‡¿ offtopic group,1131457202,2023-11-23 11:32:34+00:00
python_for_to_me,5276050017,225340497740453460,PythonðŸ‡ºðŸ‡¿ offtopic group,1131457202,UserStatusRecently
,6644201822,1124755856846992375,PythonðŸ‡ºðŸ‡¿ offtopic group,1131457202,2023-11-30 19:20:41+00:00
,6244034799,1495430613053211491,PythonðŸ‡ºðŸ‡¿ offtopic group,1131457202,2024-05-04 11:19:29+00:00
Polat_dev,5573040851,2060540451676904681,PythonðŸ‡ºðŸ‡¿ offtopic group,1131457202,2024-05-04 09:40:44+00:00
ilkhom_suxrobovich,5336935253,-897215407419599129,PythonðŸ‡ºðŸ‡¿ offtopic group,1131457202,UserStatusRecently
py_code_uz,5657919446,-8834476136975790515,PythonðŸ‡ºðŸ‡¿ offtopic group,1131457202,UserStatusRecently
shodiyor2,5916894007,5070994356524286742,PythonðŸ‡ºðŸ‡¿ offtopic group,1131457202,2024-05-04 10:47:44+00:00
,6610220499,-7873845344618983472,PythonðŸ‡ºðŸ‡¿ offtopic group,1131457202,NoneType
Orgest43,6872856837,-3232009972622743188,PythonðŸ‡ºðŸ‡¿ offtopic group,1131457202,2023-12-04 14:59:45+00:00
,6231549528,7610655371816760034,PythonðŸ‡ºðŸ‡¿ offtopic group,1131457202,NoneType
nol_media,97185772,5812478152153655877,PythonðŸ‡ºðŸ‡¿ offtopic group,1131457202,UserStatusOnline
Saidkulov_021,1361037070,6640173047435045709,PythonðŸ‡ºðŸ‡¿ offtopic group,1131457202,UserStatusRecently
programmer_3304,5325949125,7810227840917985159,PythonðŸ‡ºðŸ‡¿ offtopic group,1131457202,UserStatusRecently
AbdulazizRufatov,791710933,-3785976227713556933,PythonðŸ‡ºðŸ‡¿ offtopic group,1131457202,UserStatusRecently
mehroj_777,5986356058,-1194902584588737333,PythonðŸ‡ºðŸ‡¿ offtopic group,1131457202,2024-05-04 10:54:36+00:00
Blac_Alfa,5261295704,7343672542110765781,PythonðŸ‡ºðŸ‡¿ offtopic group,1131457202,UserStatusRecently
,6841181594,-9214968445528311533,PythonðŸ‡ºðŸ‡¿ offtopic group,1131457202,2023-12-03 11:20:55+00:00
Komiljon_Xamidjonov,392330197,6953814516631373760,PythonðŸ‡ºðŸ‡¿ offtopic group,1131457202,UserStatusRecently
STORM_SHaDoW007,5718957953,3538184713719436935,PythonðŸ‡ºðŸ‡¿ offtopic group,1131457202,UserStatusRecently
,6434256058,-158511356784479168,PythonðŸ‡ºðŸ‡¿ offtopic group,1131457202,NoneType
ferb_d,5702260484,-7558625103127229443,PythonðŸ‡ºðŸ‡¿ offtopic group,1131457202,UserStatusRecently
Python_middle_programmer,1992403008,5261858475778120428,PythonðŸ‡ºðŸ‡¿ offtopic group,1131457202,NoneType
f_j_s_s,488603623,-6765836898889262091,PythonðŸ‡ºðŸ‡¿ offtopic group,1131457202,UserStatusRecently
niymatov97,6455096428,4147191437962376292,PythonðŸ‡ºðŸ‡¿ offtopic group,1131457202,2024-05-04 07:22:20+00:00
,1120364279,-9141697559056327795,PythonðŸ‡ºðŸ‡¿ offtopic group,1131457202,NoneType
,6490391891,-5208296313587016742,PythonðŸ‡ºðŸ‡¿ offtopic group,1131457202,NoneType
User_uzb,1578385827,-9068901393822576984,PythonðŸ‡ºðŸ‡¿ offtopic group,1131457202,UserStatusRecently
py_developer_1,791395005,-957511621303854489,PythonðŸ‡ºðŸ‡¿ offtopic group,1131457202,UserStatusOnline
,631818183,6365318770284452321,PythonðŸ‡ºðŸ‡¿ offtopic group,1131457202,NoneType
Samandarbek_Yigitaliyev,6192003527,-950495603500887305,PythonðŸ‡ºðŸ‡¿ offtopic group,1131457202,UserStatusRecently
,6097120547,8845124244230289507,PythonðŸ‡ºðŸ‡¿ offtopic group,1131457202,NoneType
Binarynumberss,445453335,-7886467144281142771,PythonðŸ‡ºðŸ‡¿ offtopic group,1131457202,UserStatusRecently
manage_get,5300424736,9019420165298997022,PythonðŸ‡ºðŸ‡¿ offtopic group,1131457202,2023-10-24 18:57:43+00:00
ete98Great,317504286,5113832883005841899,PythonðŸ‡ºðŸ‡¿ offtopic group,1131457202,UserStatusRecently
otamurodov_z,670383246,9065295931759828081,PythonðŸ‡ºðŸ‡¿ offtopic group,1131457202,2024-05-03 03:37:38+00:00
Mefistotelll,5549804874,2664145079856934825,PythonðŸ‡ºðŸ‡¿ offtopic group,1131457202,2024-05-04 05:10:13+00:00
,6009757130,4191051586700389042,PythonðŸ‡ºðŸ‡¿ offtopic group,1131457202,2023-10-20 16:15:07+00:00
,6137034312,-6128047526046272470,PythonðŸ‡ºðŸ‡¿ offtopic group,1131457202,NoneType
SaidQodiriy,1551855614,-4457135886931310878,PythonðŸ‡ºðŸ‡¿ offtopic group,1131457202,UserStatusRecently
Python100,5084594174,6846923014025211748,PythonðŸ‡ºðŸ‡¿ offtopic group,1131457202,UserStatusRecently
Oken_0414,6473721163,4088230563843297590,PythonðŸ‡ºðŸ‡¿ offtopic group,1131457202,2023-11-23 02:49:32+00:00
,1165938675,-8672714192247927642,PythonðŸ‡ºðŸ‡¿ offtopic group,1131457202,UserStatusRecently
,5093892080,-1322468599151992854,PythonðŸ‡ºðŸ‡¿ offtopic group,1131457202,UserStatusRecently
,206959423,5747725775767106757,PythonðŸ‡ºðŸ‡¿ offtopic group,1131457202,2024-05-03 14:35:03+00:00
MySirojiddinGroup,5661992248,-3480228996625736590,PythonðŸ‡ºðŸ‡¿ offtopic group,1131457202,UserStatusRecently
Jo5236,1819599093,-3084890625063130806,PythonðŸ‡ºðŸ‡¿ offtopic group,1131457202,UserStatusLastMonth
,5607345790,-2715580439086796775,PythonðŸ‡ºðŸ‡¿ offtopic group,1131457202,NoneType
sun1kk,1437488189,-5263097782740213045,PythonðŸ‡ºðŸ‡¿ offtopic group,1131457202,UserStatusRecently
,5010995779,1783995491577011274,PythonðŸ‡ºðŸ‡¿ offtopic group,1131457202,2024-05-04 10:39:01+00:00
,2033290138,-6632210443484310919,PythonðŸ‡ºðŸ‡¿ offtopic group,1131457202,NoneType
krisstinaya,6363076433,-8846829865026684719,PythonðŸ‡ºðŸ‡¿ offtopic group,1131457202,2023-09-25 08:30:51+00:00
Aragorn080,6584173103,2271258673245150066,PythonðŸ‡ºðŸ‡¿ offtopic group,1131457202,UserStatusRecently
,1346385483,8670478795311849087,PythonðŸ‡ºðŸ‡¿ offtopic group,1131457202,UserStatusRecently
WebSecurity,556432321,-6935829836134373415,PythonðŸ‡ºðŸ‡¿ offtopic group,1131457202,2024-05-04 08:39:02+00:00
MuIIB_R,5009627025,1882276502998617754,PythonðŸ‡ºðŸ‡¿ offtopic group,1131457202,2024-05-04 08:33:22+00:00
faangdev,1571001260,-647084051339690671,PythonðŸ‡ºðŸ‡¿ offtopic group,1131457202,UserStatusRecently
DarkSide_uz2,6579953370,7066615336715172965,PythonðŸ‡ºðŸ‡¿ offtopic group,1131457202,2024-05-04 09:31:20+00:00
FidanzoUp,5096665676,3400027966560139363,PythonðŸ‡ºðŸ‡¿ offtopic group,1131457202,NoneType
NafisaGulrux,839406173,8087450013407500300,PythonðŸ‡ºðŸ‡¿ offtopic group,1131457202,UserStatusRecently
,6231454457,-2037900017490700032,PythonðŸ‡ºðŸ‡¿ offtopic group,1131457202,NoneType
Uztell,899820655,-4279652102625145009,PythonðŸ‡ºðŸ‡¿ offtopic group,1131457202,NoneType
ilyos_developer,417446567,-1807687077431293165,PythonðŸ‡ºðŸ‡¿ offtopic group,1131457202,UserStatusRecently
P_developer_P,6102761804,6617766679293290728,PythonðŸ‡ºðŸ‡¿ offtopic group,1131457202,NoneType
iMunchen,1494823362,4625030299826300869,PythonðŸ‡ºðŸ‡¿ offtopic group,1131457202,UserStatusRecently
AsiaMen,437060224,5323536744411652262,PythonðŸ‡ºðŸ‡¿ offtopic group,1131457202,2024-05-04 10:33:58+00:00
,6219968273,5677876550668931105,PythonðŸ‡ºðŸ‡¿ offtopic group,1131457202,NoneType
Fidya0707,361348062,9024994531456787806,PythonðŸ‡ºðŸ‡¿ offtopic group,1131457202,UserStatusRecently
Nouser493,348755081,-1861420582621645164,PythonðŸ‡ºðŸ‡¿ offtopic group,1131457202,UserStatusRecently
hardly_unmanned,2085612869,-6275911047470384293,PythonðŸ‡ºðŸ‡¿ offtopic group,1131457202,UserStatusRecently
A_404_not_found,5360500345,-8769673704690708871,PythonðŸ‡ºðŸ‡¿ offtopic group,1131457202,2024-05-04 11:14:44+00:00
uzmaxuzb,2079280754,-6183913781854125315,PythonðŸ‡ºðŸ‡¿ offtopic group,1131457202,2024-05-04 01:39:19+00:00
,5997083584,4297707288423873952,PythonðŸ‡ºðŸ‡¿ offtopic group,1131457202,2024-03-03 10:31:54+00:00
data_learner_uz,5147608544,-3576609939073086598,PythonðŸ‡ºðŸ‡¿ offtopic group,1131457202,2024-04-21 17:00:29+00:00
,5623876299,-6242085749822686654,PythonðŸ‡ºðŸ‡¿ offtopic group,1131457202,2023-09-07 17:36:55+00:00
Feruzbek_S,1782674848,6501261604904415481,PythonðŸ‡ºðŸ‡¿ offtopic group,1131457202,2023-09-18 15:39:45+00:00
SABR_16_29,1200186157,-6705063716752008905,PythonðŸ‡ºðŸ‡¿ offtopic group,1131457202,2024-05-04 11:18:57+00:00
Whoami_003,611974150,4018828262203284341,PythonðŸ‡ºðŸ‡¿ offtopic group,1131457202,2024-05-04 11:12:56+00:00
SAIDKHAN2002,590530759,4034285805823036468,PythonðŸ‡ºðŸ‡¿ offtopic group,1131457202,UserStatusRecently
Baxt_bu_boyli,5928683912,-6653680070058598349,PythonðŸ‡ºðŸ‡¿ offtopic group,1131457202,NoneType
Axmad_01,6665035420,-2527292634638643686,PythonðŸ‡ºðŸ‡¿ offtopic group,1131457202,2024-05-04 09:09:57+00:00
Hackker_001,1409240983,-1849634270255039884,PythonðŸ‡ºðŸ‡¿ offtopic group,1131457202,UserStatusRecently
Xidirnazarovich,1072700341,3502097783305328731,PythonðŸ‡ºðŸ‡¿ offtopic group,1131457202,UserStatusRecently
Sharjah_Savdo,6389153134,-6807554885947823603,PythonðŸ‡ºðŸ‡¿ offtopic group,1131457202,2024-05-04 08:33:52+00:00
AyubxonMuhammadjonov,1110273845,3746451923461337506,PythonðŸ‡ºðŸ‡¿ offtopic group,1131457202,UserStatusRecently
Sherdiyor2714,1426083983,-4043004032043489274,PythonðŸ‡ºðŸ‡¿ offtopic group,1131457202,2024-05-04 11:14:09+00:00
ggggsof,5825801592,243193336666360928,PythonðŸ‡ºðŸ‡¿ offtopic group,1131457202,UserStatusRecently
,6036371176,-6300682282394062476,PythonðŸ‡ºðŸ‡¿ offtopic group,1131457202,2023-09-09 02:35:31+00:00
,6484222707,7531780540265554382,PythonðŸ‡ºðŸ‡¿ offtopic group,1131457202,2023-09-09 02:32:59+00:00
,5965611203,-7980064714780699984,PythonðŸ‡ºðŸ‡¿ offtopic group,1131457202,2023-09-09 02:36:15+00:00
,6437110908,703758133533557572,PythonðŸ‡ºðŸ‡¿ offtopic group,1131457202,2023-09-09 02:33:43+00:00
mirsultonbekuz,6003517137,-3633743282452023502,PythonðŸ‡ºðŸ‡¿ offtopic group,1131457202,NoneType
Python_CoderUz,1730214923,-2227303383675770600,PythonðŸ‡ºðŸ‡¿ offtopic group,1131457202,UserStatusRecently
,6360783759,-2094998063761523358,PythonðŸ‡ºðŸ‡¿ offtopic group,1131457202,2023-08-19 19:48:19+00:00
Tuhfyuihgghhg,6056836887,-5178583154726967093,PythonðŸ‡ºðŸ‡¿ offtopic group,1131457202,2024-05-04 10:58:28+00:00
imunchen2,5855869549,-355916718988201252,PythonðŸ‡ºðŸ‡¿ offtopic group,1131457202,2024-05-04 11:11:01+00:00
ASUSVivoBook,5303820922,-181669705979296250,PythonðŸ‡ºðŸ‡¿ offtopic group,1131457202,NoneType
,6167609094,8895430988580897804,PythonðŸ‡ºðŸ‡¿ offtopic group,1131457202,2023-09-09 02:33:15+00:00
,6305925617,-6884372731698800753,PythonðŸ‡ºðŸ‡¿ offtopic group,1131457202,2023-09-09 02:35:15+00:00
,6262352704,-2580318864903738436,PythonðŸ‡ºðŸ‡¿ offtopic group,1131457202,2023-09-09 02:49:21+00:00
AxmadovIlhomjon,653172961,-9200057536834987051,PythonðŸ‡ºðŸ‡¿ offtopic group,1131457202,UserStatusRecently
webdev_099,632179390,-1650605220439319069,PythonðŸ‡ºðŸ‡¿ offtopic group,1131457202,UserStatusRecently
ibrohimfatxullayev,1406434056,-5824668012534243120,PythonðŸ‡ºðŸ‡¿ offtopic group,1131457202,UserStatusRecently
Kachet_I,5782010263,-5880779450970229400,PythonðŸ‡ºðŸ‡¿ offtopic group,1131457202,UserStatusRecently
ibrohim_10101,847313850,-7781669905648552487,PythonðŸ‡ºðŸ‡¿ offtopic group,1131457202,UserStatusRecently
,6261347911,-304675442602740509,PythonðŸ‡ºðŸ‡¿ offtopic group,1131457202,2023-08-08 19:45:45+00:00
Bobosher_Musurmonov,764331921,5649396212494256249,PythonðŸ‡ºðŸ‡¿ offtopic group,1131457202,UserStatusRecently
,5969811310,-7681155697570369785,PythonðŸ‡ºðŸ‡¿ offtopic group,1131457202,UserStatusLastMonth
Cilver25,1993728764,520853976307172930,PythonðŸ‡ºðŸ‡¿ offtopic group,1131457202,2024-05-04 11:24:29+00:00
Diyorbek_Tj,333458329,-7415005763721454654,PythonðŸ‡ºðŸ‡¿ offtopic group,1131457202,UserStatusOnline
,5080021692,2443472359400169290,PythonðŸ‡ºðŸ‡¿ offtopic group,1131457202,2024-05-04 11:02:55+00:00
Javharbekkk,1466977549,8948835136307161036,PythonðŸ‡ºðŸ‡¿ offtopic group,1131457202,2024-05-04 05:43:55+00:00
Iqtisodchi03,5136376593,-487585244749402738,PythonðŸ‡ºðŸ‡¿ offtopic group,1131457202,UserStatusRecently
Sarvar_0228,1392804386,100060253838391586,PythonðŸ‡ºðŸ‡¿ offtopic group,1131457202,UserStatusRecently
Sarvar_Abduxakimov,133335965,-542444683000101906,PythonðŸ‡ºðŸ‡¿ offtopic group,1131457202,UserStatusRecently
jamshid_5878,777999076,-3581314007956890420,PythonðŸ‡ºðŸ‡¿ offtopic group,1131457202,UserStatusRecently
Sh_e_r_a_l_i_y_e_v,1981467845,-2151373729871958868,PythonðŸ‡ºðŸ‡¿ offtopic group,1131457202,UserStatusRecently
Shaxbozdev7,72305691,-5106452900637719645,PythonðŸ‡ºðŸ‡¿ offtopic group,1131457202,UserStatusRecently
,6344849389,3145296947253162805,PythonðŸ‡ºðŸ‡¿ offtopic group,1131457202,2023-08-11 20:23:02+00:00
frxgame_support,5921197405,1618547694913767771,PythonðŸ‡ºðŸ‡¿ offtopic group,1131457202,2024-05-04 10:52:27+00:00
DZDOSTON,121961746,-7048583936889631950,PythonðŸ‡ºðŸ‡¿ offtopic group,1131457202,UserStatusRecently
Dragontio,5809479414,-2055307687726368714,PythonðŸ‡ºðŸ‡¿ offtopic group,1131457202,UserStatusLastWeek
Abdulazizov_Nurbek,974486735,-3196698870886462596,PythonðŸ‡ºðŸ‡¿ offtopic group,1131457202,2023-11-01 07:23:12+00:00
Fozil_10_99,664976792,4195813574866605246,PythonðŸ‡ºðŸ‡¿ offtopic group,1131457202,2024-05-04 09:08:44+00:00
,567619297,-4138715569670888775,PythonðŸ‡ºðŸ‡¿ offtopic group,1131457202,2024-05-03 13:25:11+00:00
Dostnazarov,874990488,5122792124144001844,PythonðŸ‡ºðŸ‡¿ offtopic group,1131457202,UserStatusRecently
a10n33,1877183166,-4526603447385321673,PythonðŸ‡ºðŸ‡¿ offtopic group,1131457202,UserStatusRecently
Sadullayev_Sardorbek,1843200660,-5320625040341675594,PythonðŸ‡ºðŸ‡¿ offtopic group,1131457202,UserStatusRecently
Adham_AI,5568951216,-4888630537786112065,PythonðŸ‡ºðŸ‡¿ offtopic group,1131457202,UserStatusRecently
ravshanjon_uz,534933681,9119934406726531563,PythonðŸ‡ºðŸ‡¿ offtopic group,1131457202,UserStatusRecently
UmarPython,5321063707,-3146170228879596155,PythonðŸ‡ºðŸ‡¿ offtopic group,1131457202,2024-04-29 18:45:41+00:00
,605804501,-3796495967192305669,PythonðŸ‡ºðŸ‡¿ offtopic group,1131457202,2024-05-04 00:27:04+00:00
wo_freedom,5966266631,-4487326527470745362,PythonðŸ‡ºðŸ‡¿ offtopic group,1131457202,UserStatusRecently
behruzcik1,1302451617,5582850854921124390,PythonðŸ‡ºðŸ‡¿ offtopic group,1131457202,UserStatusRecently
Sadikjon_siddikov7777,654974392,2515406837956034772,PythonðŸ‡ºðŸ‡¿ offtopic group,1131457202,UserStatusRecently
TwinkManager,6238792886,-186348951841560760,PythonðŸ‡ºðŸ‡¿ offtopic group,1131457202,2024-03-21 06:54:00+00:00
RasulDeveloper,6180661974,-3857453989477874358,PythonðŸ‡ºðŸ‡¿ offtopic group,1131457202,NoneType
http_master,1672039210,-538074605259586805,PythonðŸ‡ºðŸ‡¿ offtopic group,1131457202,UserStatusRecently
creativ_ads_admin,5774671824,7319403689745999488,PythonðŸ‡ºðŸ‡¿ offtopic group,1131457202,UserStatusLastMonth
Ctrateg99,1167281866,-8363941675801885751,PythonðŸ‡ºðŸ‡¿ offtopic group,1131457202,UserStatusRecently
Ibrohimjon4413,898166204,-7497724091245981030,PythonðŸ‡ºðŸ‡¿ offtopic group,1131457202,2024-05-04 09:25:00+00:00
Abdulhodi_2007,1833947501,4588526000152060720,PythonðŸ‡ºðŸ‡¿ offtopic group,1131457202,UserStatusRecently
Mate_Inf0,998645712,-3911435233943411772,PythonðŸ‡ºðŸ‡¿ offtopic group,1131457202,UserStatusRecently
ali6463,1184046854,-6081553350028008362,PythonðŸ‡ºðŸ‡¿ offtopic group,1131457202,UserStatusRecently
justl1vefree,6207523620,-1156918987271533348,PythonðŸ‡ºðŸ‡¿ offtopic group,1131457202,UserStatusRecently
mukhriddin_off,764564558,2043699646294628665,PythonðŸ‡ºðŸ‡¿ offtopic group,1131457202,2024-05-04 07:24:49+00:00
Mr_Sirojiddin,1531491660,267539590518390671,PythonðŸ‡ºðŸ‡¿ offtopic group,1131457202,UserStatusRecently
a1isherovna98,1094579446,92771710591796097,PythonðŸ‡ºðŸ‡¿ offtopic group,1131457202,2024-05-04 11:26:24+00:00
,2050835056,-5989922321838890681,PythonðŸ‡ºðŸ‡¿ offtopic group,1131457202,2023-12-05 14:03:06+00:00
Thee_notorious,201845189,-1579679624102661427,PythonðŸ‡ºðŸ‡¿ offtopic group,1131457202,UserStatusRecently
burgutbey,1040735538,6377334287807935079,PythonðŸ‡ºðŸ‡¿ offtopic group,1131457202,2024-05-04 08:28:08+00:00
eldorovich_b,927706265,6555511930990251214,PythonðŸ‡ºðŸ‡¿ offtopic group,1131457202,UserStatusRecently
Shuxratov_Behruz,1881808398,4990011121840080554,PythonðŸ‡ºðŸ‡¿ offtopic group,1131457202,UserStatusRecently
Ahmadjon25,1819983638,8467124624460012784,PythonðŸ‡ºðŸ‡¿ offtopic group,1131457202,UserStatusRecently
MaxCoderUz,1254676497,2391610656410189653,PythonðŸ‡ºðŸ‡¿ offtopic group,1131457202,2024-05-04 06:38:58+00:00
bekzod0956,1015339329,-2365544377703280037,PythonðŸ‡ºðŸ‡¿ offtopic group,1131457202,UserStatusOnline
togkv,1785108916,-2468409083216125953,PythonðŸ‡ºðŸ‡¿ offtopic group,1131457202,UserStatusRecently
,980515056,4231688649686753231,PythonðŸ‡ºðŸ‡¿ offtopic group,1131457202,UserStatusRecently
line_alone,1749391281,-6612878552479686270,PythonðŸ‡ºðŸ‡¿ offtopic group,1131457202,UserStatusLastWeek
TALABA_011105,1775117342,-2355954044713973761,PythonðŸ‡ºðŸ‡¿ offtopic group,1131457202,UserStatusRecently
zzzzzzzzzzzzzzuz,406534922,1146843253223579539,PythonðŸ‡ºðŸ‡¿ offtopic group,1131457202,UserStatusLastWeek
muhammadali_2209,1777781933,4873106310520449960,PythonðŸ‡ºðŸ‡¿ offtopic group,1131457202,2024-05-04 09:19:12+00:00
prime_developer,1787955043,5335406545267455427,PythonðŸ‡ºðŸ‡¿ offtopic group,1131457202,UserStatusRecently
ogstudent,1398600688,-6572225319552254281,PythonðŸ‡ºðŸ‡¿ offtopic group,1131457202,UserStatusRecently
ABBA_man,5733639573,5016856401033606206,PythonðŸ‡ºðŸ‡¿ offtopic group,1131457202,NoneType
tashkent_olx_bozor,5532314890,108508670900197244,PythonðŸ‡ºðŸ‡¿ offtopic group,1131457202,2024-04-19 18:36:56+00:00
Nurbek1227,984404798,-8704006989069521690,PythonðŸ‡ºðŸ‡¿ offtopic group,1131457202,UserStatusRecently
AzizIkbalov,1296647239,2108760285850998936,PythonðŸ‡ºðŸ‡¿ offtopic group,1131457202,UserStatusRecently
abdullox_islomov,1025775580,8500001044954201292,PythonðŸ‡ºðŸ‡¿ offtopic group,1131457202,UserStatusRecently
Moderator_uzs,5593937172,4613614642315037545,PythonðŸ‡ºðŸ‡¿ offtopic group,1131457202,2024-01-22 09:20:59+00:00
mister_shokhrukhbek,1425180201,-2676455638595420357,PythonðŸ‡ºðŸ‡¿ offtopic group,1131457202,2024-05-04 10:59:54+00:00
khayydarov,202303232,-8011150820831994324,PythonðŸ‡ºðŸ‡¿ offtopic group,1131457202,UserStatusRecently
DMIN1STRATOR,69698040,-1452679826250925195,PythonðŸ‡ºðŸ‡¿ offtopic group,1131457202,UserStatusRecently
Dj_secret,599593484,6567612135646592028,PythonðŸ‡ºðŸ‡¿ offtopic group,1131457202,UserStatusRecently
,685915514,6698135462058984566,PythonðŸ‡ºðŸ‡¿ offtopic group,1131457202,2024-05-04 11:05:46+00:00
M_009933,1975202115,-4360508810590863113,PythonðŸ‡ºðŸ‡¿ offtopic group,1131457202,UserStatusRecently
Asliddinbek_official,982935447,4331318758149818404,PythonðŸ‡ºðŸ‡¿ offtopic group,1131457202,UserStatusRecently
BOBUR9724,612687750,-7152118296193506245,PythonðŸ‡ºðŸ‡¿ offtopic group,1131457202,2024-04-28 16:10:09+00:00
Artik0ff,233652299,-5001921243819491989,PythonðŸ‡ºðŸ‡¿ offtopic group,1131457202,UserStatusRecently
ImkaZaimka,644543057,4725668458907273289,PythonðŸ‡ºðŸ‡¿ offtopic group,1131457202,UserStatusRecently
,1038083471,-4771042752391753682,PythonðŸ‡ºðŸ‡¿ offtopic group,1131457202,UserStatusRecently
sanakulovmurod,911374345,-6492068687369781699,PythonðŸ‡ºðŸ‡¿ offtopic group,1131457202,UserStatusRecently
Anonimcoder09,5359851856,-6436271827017216306,PythonðŸ‡ºðŸ‡¿ offtopic group,1131457202,UserStatusRecently
,1330091154,3412983842937727449,PythonðŸ‡ºðŸ‡¿ offtopic group,1131457202,UserStatusRecently
evrika_915,1038131328,-279064379484650548,PythonðŸ‡ºðŸ‡¿ offtopic group,1131457202,UserStatusRecently
mardon_makhammadov,1494135955,-4027331919701840875,PythonðŸ‡ºðŸ‡¿ offtopic group,1131457202,UserStatusRecently
ShJavohir,352617072,140334615869404185,PythonðŸ‡ºðŸ‡¿ offtopic group,1131457202,UserStatusRecently
Jozilov2000,5713669520,-5840666315941235492,PythonðŸ‡ºðŸ‡¿ offtopic group,1131457202,UserStatusRecently
otabekzairov,722448110,359165212185658101,PythonðŸ‡ºðŸ‡¿ offtopic group,1131457202,UserStatusRecently
tursunboevj,5141220043,1577978447606039456,PythonðŸ‡ºðŸ‡¿ offtopic group,1131457202,NoneType
Farhod_Dilshod,761890628,-4552011409704472452,PythonðŸ‡ºðŸ‡¿ offtopic group,1131457202,2024-05-04 10:08:46+00:00
d_chutboyev,5932537935,6545920302851360377,PythonðŸ‡ºðŸ‡¿ offtopic group,1131457202,UserStatusRecently
akobirv2004,5615116234,7350238856796471648,PythonðŸ‡ºðŸ‡¿ offtopic group,1131457202,2024-05-04 11:11:16+00:00
sudo_mac,1928358979,-7255110441051803418,PythonðŸ‡ºðŸ‡¿ offtopic group,1131457202,2024-05-03 07:08:39+00:00
matt_baker,167318864,4174054160369865591,PythonðŸ‡ºðŸ‡¿ offtopic group,1131457202,2024-05-04 10:30:53+00:00
abdusattorov_dev,1313003485,-5652134029588878399,PythonðŸ‡ºðŸ‡¿ offtopic group,1131457202,NoneType
Jurabek12345,1389007145,4776474702550696545,PythonðŸ‡ºðŸ‡¿ offtopic group,1131457202,UserStatusRecently
Radiance04,5225487552,-6400028893299071983,PythonðŸ‡ºðŸ‡¿ offtopic group,1131457202,2024-05-04 09:16:38+00:00
uzna07,887808396,395128123239193603,PythonðŸ‡ºðŸ‡¿ offtopic group,1131457202,2024-05-04 08:53:16+00:00
AiKCG,785550601,716102109699450903,PythonðŸ‡ºðŸ‡¿ offtopic group,1131457202,UserStatusRecently
ZJO_GES_UOZ,228687855,5711825709904232807,PythonðŸ‡ºðŸ‡¿ offtopic group,1131457202,UserStatusRecently
Sharof001,66401127,4920908840202354212,PythonðŸ‡ºðŸ‡¿ offtopic group,1131457202,UserStatusRecently
off83,1853659962,-2275017240240729882,PythonðŸ‡ºðŸ‡¿ offtopic group,1131457202,2024-05-03 11:14:10+00:00
Usernameoffc,1616383717,3730823254126227817,PythonðŸ‡ºðŸ‡¿ offtopic group,1131457202,2024-05-03 13:10:55+00:00
myself_MD,666053201,198606961002507551,PythonðŸ‡ºðŸ‡¿ offtopic group,1131457202,2024-05-04 10:24:31+00:00
,644432893,3690296198004272640,PythonðŸ‡ºðŸ‡¿ offtopic group,1131457202,UserStatusOnline
Alhamdulillah30777,544887592,-5440650943199292159,PythonðŸ‡ºðŸ‡¿ offtopic group,1131457202,UserStatusRecently
,5453498224,-4616639803937288470,PythonðŸ‡ºðŸ‡¿ offtopic group,1131457202,2024-05-02 03:26:54+00:00
ulugbek_shamsitdinov,1221693439,-4735966471612721446,PythonðŸ‡ºðŸ‡¿ offtopic group,1131457202,UserStatusOnline
kain_dev,5027735374,7428795610030568728,PythonðŸ‡ºðŸ‡¿ offtopic group,1131457202,UserStatusLastMonth
,5901784091,1523476750591459001,PythonðŸ‡ºðŸ‡¿ offtopic group,1131457202,2023-10-11 10:44:28+00:00
Xurshidbek2205,1602966290,1051526351464039598,PythonðŸ‡ºðŸ‡¿ offtopic group,1131457202,UserStatusRecently
,5393543392,-7193023914417352354,PythonðŸ‡ºðŸ‡¿ offtopic group,1131457202,2024-05-04 10:37:22+00:00
oripovgiyos1,896365112,1455637104461369449,PythonðŸ‡ºðŸ‡¿ offtopic group,1131457202,2024-05-04 10:21:27+00:00
lovn_U,1707885207,-5078756804903604964,PythonðŸ‡ºðŸ‡¿ offtopic group,1131457202,UserStatusRecently
,5731082779,-9048935357546561264,PythonðŸ‡ºðŸ‡¿ offtopic group,1131457202,NoneType
AzizbekGulomov,673320653,8782139207691354198,PythonðŸ‡ºðŸ‡¿ offtopic group,1131457202,UserStatusRecently
Bekzodjon_2002,5066700983,-6977909829805521704,PythonðŸ‡ºðŸ‡¿ offtopic group,1131457202,2024-05-04 11:04:27+00:00
Responsible_person,1617956606,7717304036638127791,PythonðŸ‡ºðŸ‡¿ offtopic group,1131457202,UserStatusRecently
abdurohman_karimov,5580150613,8969016350276898159,PythonðŸ‡ºðŸ‡¿ offtopic group,1131457202,UserStatusRecently
ramazon9899,1103546117,5061979950846798174,PythonðŸ‡ºðŸ‡¿ offtopic group,1131457202,UserStatusRecently
M4solijonov,5682570168,-1957627989548166450,PythonðŸ‡ºðŸ‡¿ offtopic group,1131457202,2024-05-04 06:50:15+00:00
JafarAchilov,1038598310,-2287863998064781339,PythonðŸ‡ºðŸ‡¿ offtopic group,1131457202,UserStatusRecently
,5610930100,1442314885494006679,PythonðŸ‡ºðŸ‡¿ offtopic group,1131457202,2023-06-04 06:52:26+00:00
,629161314,-8145467579727626143,PythonðŸ‡ºðŸ‡¿ offtopic group,1131457202,2024-04-24 05:47:27+00:00
K_11k_11,1504805344,3856682281368336589,PythonðŸ‡ºðŸ‡¿ offtopic group,1131457202,UserStatusRecently
mamirovsb,5080816748,1987709801653126043,PythonðŸ‡ºðŸ‡¿ offtopic group,1131457202,UserStatusRecently
iamdavr,2011146732,714155294256911559,PythonðŸ‡ºðŸ‡¿ offtopic group,1131457202,2024-05-02 17:02:54+00:00
,595285489,8024931460521476060,PythonðŸ‡ºðŸ‡¿ offtopic group,1131457202,2024-05-04 11:25:02+00:00
,1495915027,4841120851462473171,PythonðŸ‡ºðŸ‡¿ offtopic group,1131457202,2024-03-15 00:17:34+00:00
MaxsudMirjonovich,457790738,7739709835016346156,PythonðŸ‡ºðŸ‡¿ offtopic group,1131457202,UserStatusRecently
Lochinbek_Xayitmurodov,818349487,-526466177088401214,PythonðŸ‡ºðŸ‡¿ offtopic group,1131457202,UserStatusRecently
ParadoxCF,991971349,8059742217844093954,PythonðŸ‡ºðŸ‡¿ offtopic group,1131457202,UserStatusRecently
,1944337410,-8002685093669612140,PythonðŸ‡ºðŸ‡¿ offtopic group,1131457202,UserStatusOnline
nodirbek_loves_ai,1328809634,-8494771874535670817,PythonðŸ‡ºðŸ‡¿ offtopic group,1131457202,2024-05-04 11:03:04+00:00
T1M_47,1711911207,4185888391759924694,PythonðŸ‡ºðŸ‡¿ offtopic group,1131457202,UserStatusRecently
RoziyevOrif,615056348,6726537192911951432,PythonðŸ‡ºðŸ‡¿ offtopic group,1131457202,2024-05-04 03:53:52+00:00
goooool222,5326032311,-2040010358754301842,PythonðŸ‡ºðŸ‡¿ offtopic group,1131457202,2023-09-14 12:40:51+00:00
,859417586,-887303322917212178,PythonðŸ‡ºðŸ‡¿ offtopic group,1131457202,UserStatusRecently
tojiddinov_abbosbek,981814932,1702124148826241668,PythonðŸ‡ºðŸ‡¿ offtopic group,1131457202,UserStatusRecently
Cisco_X_X,559872845,-6412178790875926942,PythonðŸ‡ºðŸ‡¿ offtopic group,1131457202,2024-05-04 10:27:59+00:00
lazizbek_a,263208225,3080978582875034511,PythonðŸ‡ºðŸ‡¿ offtopic group,1131457202,2024-05-04 10:37:14+00:00
,1965166260,3313039571742785081,PythonðŸ‡ºðŸ‡¿ offtopic group,1131457202,2024-05-04 07:05:29+00:00
Animation_01,1669214061,1944814414494452953,PythonðŸ‡ºðŸ‡¿ offtopic group,1131457202,2024-05-04 09:16:38+00:00
CarsonCray,1139644606,-1876731740475621251,PythonðŸ‡ºðŸ‡¿ offtopic group,1131457202,UserStatusRecently
dn_uz,95532882,7783263197038618117,PythonðŸ‡ºðŸ‡¿ offtopic group,1131457202,UserStatusRecently
FASTUZB,392919902,-8457598432512871290,PythonðŸ‡ºðŸ‡¿ offtopic group,1131457202,UserStatusRecently
muhammadjanoff,926415868,1177485335244904118,PythonðŸ‡ºðŸ‡¿ offtopic group,1131457202,2024-05-04 03:34:11+00:00
SodikovN,37097686,-4887606662606974110,PythonðŸ‡ºðŸ‡¿ offtopic group,1131457202,UserStatusOnline
Xalmirzayev_MEPhI,394672414,663777415355417336,PythonðŸ‡ºðŸ‡¿ offtopic group,1131457202,UserStatusRecently
,381003839,6557498947214751910,PythonðŸ‡ºðŸ‡¿ offtopic group,1131457202,UserStatusRecently
BakhodirIbnYashinIbnMansurMRB,1963766234,-4625718303424609480,PythonðŸ‡ºðŸ‡¿ offtopic group,1131457202,2024-05-03 15:42:19+00:00
,5513844420,-3919946331028434707,PythonðŸ‡ºðŸ‡¿ offtopic group,1131457202,NoneType
Farrukh_Kurbiyozov,3405255,-1225524737444219969,PythonðŸ‡ºðŸ‡¿ offtopic group,1131457202,UserStatusRecently
muzrob_baratov,1668143308,6135473413491662949,PythonðŸ‡ºðŸ‡¿ offtopic group,1131457202,UserStatusRecently
,1814350741,-4203422611243491316,PythonðŸ‡ºðŸ‡¿ offtopic group,1131457202,NoneType
,5345268465,367951014641007132,PythonðŸ‡ºðŸ‡¿ offtopic group,1131457202,2024-05-04 11:01:54+00:00
,1045132678,7575317372983821548,PythonðŸ‡ºðŸ‡¿ offtopic group,1131457202,2024-05-04 11:24:07+00:00
the_toh1rov,570575162,2497697288393041391,PythonðŸ‡ºðŸ‡¿ offtopic group,1131457202,UserStatusOnline
Anonbos,756329422,4503480304760164148,PythonðŸ‡ºðŸ‡¿ offtopic group,1131457202,UserStatusLastWeek
Sam_0p23,2119482597,5306078536538227643,PythonðŸ‡ºðŸ‡¿ offtopic group,1131457202,UserStatusRecently
,1894745168,-8177218276849926611,PythonðŸ‡ºðŸ‡¿ offtopic group,1131457202,NoneType
live_yigit,5079463030,8874267623845189538,PythonðŸ‡ºðŸ‡¿ offtopic group,1131457202,UserStatusRecently
FaxriyorAsqaraliyev,1118605780,-1426540975717781889,PythonðŸ‡ºðŸ‡¿ offtopic group,1131457202,UserStatusRecently
Sexrlii_bot,612011763,2239273167264544271,PythonðŸ‡ºðŸ‡¿ offtopic group,1131457202,2024-05-04 07:43:58+00:00
Kholdorov_FMT,794814084,5561855333628835475,PythonðŸ‡ºðŸ‡¿ offtopic group,1131457202,UserStatusRecently
cisco_admin_uz,625671752,2659483172980194878,PythonðŸ‡ºðŸ‡¿ offtopic group,1131457202,UserStatusRecently
utkirqayumov,948197737,4400948758937343037,PythonðŸ‡ºðŸ‡¿ offtopic group,1131457202,2024-05-04 04:09:19+00:00
Azizbek102,742070637,-8666538148224959762,PythonðŸ‡ºðŸ‡¿ offtopic group,1131457202,UserStatusRecently
boriy_r05,622321207,-8847909990418904167,PythonðŸ‡ºðŸ‡¿ offtopic group,1131457202,2024-05-04 09:09:23+00:00
abd1ew,930195615,2245890586088267401,PythonðŸ‡ºðŸ‡¿ offtopic group,1131457202,UserStatusRecently
ilhomjumayev,1066637028,4898825427844080954,PythonðŸ‡ºðŸ‡¿ offtopic group,1131457202,UserStatusRecently
Sardorxon_uz,5089667224,6035504065570938082,PythonðŸ‡ºðŸ‡¿ offtopic group,1131457202,NoneType
caj_21,1056874967,-3545174736254303539,PythonðŸ‡ºðŸ‡¿ offtopic group,1131457202,UserStatusRecently
Flyuk,1986236,-3357580402255587172,PythonðŸ‡ºðŸ‡¿ offtopic group,1131457202,UserStatusRecently
FAYZULLAYEV_AZIZXON,1980571324,-5175062352415031872,PythonðŸ‡ºðŸ‡¿ offtopic group,1131457202,2024-05-03 11:25:03+00:00
dizaners,1437507584,-2456143668989693269,PythonðŸ‡ºðŸ‡¿ offtopic group,1131457202,UserStatusLastMonth
a_olimov,356075875,4995475585716834726,PythonðŸ‡ºðŸ‡¿ offtopic group,1131457202,UserStatusRecently
Olimov_Behzod,1601188510,-1055459804089470593,PythonðŸ‡ºðŸ‡¿ offtopic group,1131457202,UserStatusRecently
siddiqjon,268135657,-8249322884094369417,PythonðŸ‡ºðŸ‡¿ offtopic group,1131457202,UserStatusRecently
iyusupov,715393503,-4496930948380220630,PythonðŸ‡ºðŸ‡¿ offtopic group,1131457202,2024-05-04 10:38:26+00:00
Globalstar2021,537940257,-8600408889743905542,PythonðŸ‡ºðŸ‡¿ offtopic group,1131457202,UserStatusRecently
asatullayevjavohir,5144789329,7119165673163228408,PythonðŸ‡ºðŸ‡¿ offtopic group,1131457202,UserStatusRecently
Hacktoxa,5024474445,1191867173141664750,PythonðŸ‡ºðŸ‡¿ offtopic group,1131457202,2024-04-30 04:58:31+00:00
BoastfulApex8,1430047107,-4637748126588948959,PythonðŸ‡ºðŸ‡¿ offtopic group,1131457202,UserStatusOnline
uzbblogger,677653230,-1262267391905433124,PythonðŸ‡ºðŸ‡¿ offtopic group,1131457202,UserStatusRecently
Umrzoe,5276908295,-7971857708704249575,PythonðŸ‡ºðŸ‡¿ offtopic group,1131457202,2024-04-29 07:02:10+00:00
,5173263303,-4253175910880087600,PythonðŸ‡ºðŸ‡¿ offtopic group,1131457202,NoneType
abduma2,422124961,-3608404452558500604,PythonðŸ‡ºðŸ‡¿ offtopic group,1131457202,UserStatusRecently
Zangestu,546571387,-1374074371842746876,PythonðŸ‡ºðŸ‡¿ offtopic group,1131457202,UserStatusRecently
mura140295,653066251,457200405633441657,PythonðŸ‡ºðŸ‡¿ offtopic group,1131457202,2024-05-04 00:42:58+00:00
Ismoilov299,1161180912,-2779606393384113052,PythonðŸ‡ºðŸ‡¿ offtopic group,1131457202,UserStatusRecently
nevergiveup6991,1833910309,-3784973331895462393,PythonðŸ‡ºðŸ‡¿ offtopic group,1131457202,NoneType
,5024801464,-6699244657422134229,PythonðŸ‡ºðŸ‡¿ offtopic group,1131457202,UserStatusLastMonth
CrYsTaL_eYeSx,1194324145,-5480594490394010904,PythonðŸ‡ºðŸ‡¿ offtopic group,1131457202,2024-05-04 09:43:35+00:00
python_learner_beginner,2033702953,5594681666209772981,PythonðŸ‡ºðŸ‡¿ offtopic group,1131457202,2024-05-02 14:41:08+00:00
umida_daurbekova,1912557024,-5018590361939141530,PythonðŸ‡ºðŸ‡¿ offtopic group,1131457202,2024-05-04 05:29:50+00:00
Nodirbek9913,948622480,298450012536383540,PythonðŸ‡ºðŸ‡¿ offtopic group,1131457202,2024-05-04 11:20:11+00:00
SubhanAlloh_95,1128298339,-4120817803110034855,PythonðŸ‡ºðŸ‡¿ offtopic group,1131457202,NoneType
akarimov_701,987462534,-5479278274903707514,PythonðŸ‡ºðŸ‡¿ offtopic group,1131457202,2024-05-04 10:28:05+00:00
joel_dc,551179301,-1136017833245725363,PythonðŸ‡ºðŸ‡¿ offtopic group,1131457202,2024-05-03 15:27:30+00:00
BakhromovR,269880061,-467669852714308600,PythonðŸ‡ºðŸ‡¿ offtopic group,1131457202,UserStatusRecently
Abdulaziz_ds,134591255,-4306183634592904535,PythonðŸ‡ºðŸ‡¿ offtopic group,1131457202,2024-05-04 10:03:53+00:00
beccoder,253156419,-5254077406512655707,PythonðŸ‡ºðŸ‡¿ offtopic group,1131457202,UserStatusRecently
Dodow_khoja,635658146,255692305668630444,PythonðŸ‡ºðŸ‡¿ offtopic group,1131457202,UserStatusRecently
,797477133,-7082329320215750281,PythonðŸ‡ºðŸ‡¿ offtopic group,1131457202,UserStatusLastMonth
Pro100B,313512157,4452657085511131741,PythonðŸ‡ºðŸ‡¿ offtopic group,1131457202,2024-05-04 11:01:34+00:00
Abduvokhid_Choriev,654561467,-638519996030793086,PythonðŸ‡ºðŸ‡¿ offtopic group,1131457202,2024-05-04 11:18:41+00:00
zafar0fficial,1715931279,-4540280235294583822,PythonðŸ‡ºðŸ‡¿ offtopic group,1131457202,UserStatusRecently
unarzillayev,628321982,-5813523045922829031,PythonðŸ‡ºðŸ‡¿ offtopic group,1131457202,UserStatusRecently
matnazaroff,131533616,-4748253686133367992,PythonðŸ‡ºðŸ‡¿ offtopic group,1131457202,2024-05-02 11:39:44+00:00
Asliddin9976,246563456,8992415541739567002,PythonðŸ‡ºðŸ‡¿ offtopic group,1131457202,2024-05-04 11:15:51+00:00
abdullaev_xabibulloh,252845806,-9201999656107580431,PythonðŸ‡ºðŸ‡¿ offtopic group,1131457202,UserStatusRecently
,716192202,-4759268789997949788,PythonðŸ‡ºðŸ‡¿ offtopic group,1131457202,UserStatusRecently
M_Usanov,380680344,8872413629228007306,PythonðŸ‡ºðŸ‡¿ offtopic group,1131457202,UserStatusRecently
teacher_25,189810357,-4349828995409980960,PythonðŸ‡ºðŸ‡¿ offtopic group,1131457202,2024-05-04 09:08:34+00:00
Baxa_bay,766366710,-7491644189193236793,PythonðŸ‡ºðŸ‡¿ offtopic group,1131457202,UserStatusRecently
snjrbk,876904533,7240380362045434963,PythonðŸ‡ºðŸ‡¿ offtopic group,1131457202,UserStatusRecently
dj_1001,1383749572,-6582622427193854572,PythonðŸ‡ºðŸ‡¿ offtopic group,1131457202,UserStatusRecently
sohro_desu,1011425757,-8084657688972524603,PythonðŸ‡ºðŸ‡¿ offtopic group,1131457202,UserStatusRecently
Gstarship,187978977,-1394592541522561792,PythonðŸ‡ºðŸ‡¿ offtopic group,1131457202,UserStatusRecently
Mumtozbekov,981411372,2483012105010789904,PythonðŸ‡ºðŸ‡¿ offtopic group,1131457202,UserStatusRecently
Olimjon_dev,894287497,-979234609727382960,PythonðŸ‡ºðŸ‡¿ offtopic group,1131457202,UserStatusRecently
loneove,195099251,-7232863419702213033,PythonðŸ‡ºðŸ‡¿ offtopic group,1131457202,UserStatusRecently
guimasterDE,888764296,-1363349523264290492,PythonðŸ‡ºðŸ‡¿ offtopic group,1131457202,UserStatusRecently
polkytr,440739092,3976237569971526013,PythonðŸ‡ºðŸ‡¿ offtopic group,1131457202,UserStatusLastMonth
kiisva,516944728,2992113022543158958,PythonðŸ‡ºðŸ‡¿ offtopic group,1131457202,2024-05-04 10:47:39+00:00
Localbitcoins_x,109318180,5670679615674142960,PythonðŸ‡ºðŸ‡¿ offtopic group,1131457202,2024-05-04 11:15:37+00:00
qodirovsardor,323801462,6345803749729357160,PythonðŸ‡ºðŸ‡¿ offtopic group,1131457202,UserStatusRecently
BlackDesigner,273896465,2438896105795462751,PythonðŸ‡ºðŸ‡¿ offtopic group,1131457202,UserStatusRecently
shoh_o,384697053,4758849239057841941,PythonðŸ‡ºðŸ‡¿ offtopic group,1131457202,UserStatusRecently
anselmorenato,423273173,-5485879672388237110,PythonðŸ‡ºðŸ‡¿ offtopic group,1131457202,2024-05-04 09:18:42+00:00
AloxonAbdurahmonov,475076282,-1018749576921866129,PythonðŸ‡ºðŸ‡¿ offtopic group,1131457202,2024-05-04 08:58:19+00:00
majaberki,473073631,6796079677948043280,PythonðŸ‡ºðŸ‡¿ offtopic group,1131457202,2024-05-03 14:14:12+00:00
javdat,2805542,3855327471225087609,PythonðŸ‡ºðŸ‡¿ offtopic group,1131457202,UserStatusRecently
mirzaraxim,296424693,-7783571580123843852,PythonðŸ‡ºðŸ‡¿ offtopic group,1131457202,UserStatusRecently
